lb,t
SU61-BrowseCat2-Page,911.1758241758242
SU43-Paiment-Page,1770.6004566210045
SU42-DeliveryAndBilling-Page,732.0340136054422
SU41-CustomerDetails-Page,608.2222222222222
SU32-GoToCart-Page,994.7482993197278
SU31-AddToCart-Page,853.6636771300448
SU12b-PickProduct-Page,1760.7435897435898
SU11-SearchPhrase-Page,828.6987179487179
SU01-HomePage-Page,390.22222222222223
